id,service_id,store_id,appointments_enabled,associate_required,store_service_image,allow_anonymous,private,hidden_from_reporting,created_at,updated_at,nextgen_uri,set_custom_capacity,override_store_capacity,total_capacity,capacity_type,online_capacity_pct,online_capacity,waitlist,required_lead_time,book_with,auto_confirm_appt_requests,allow_associate_selection,store_capacity,organization_nextgen_id,custom_email_copy
16563,978,29058,true,true,,,false,false,2018-09-07T16:56:02.772Z,2018-09-10T16:49:42.452Z,/locations/2f6426a1-641b-4190-b3a1-6f600dec8b61/services/847c4ccf-2c5f-4edd-9425-1a7bef8018f9,,,,dynamic,1,,,,Associate,false,true,[object Object],bc27aaa9-c132-4218-a4cc-87b74a718022,
16564,979,29058,true,false,,,false,false,2018-09-07T16:56:05.869Z,2018-10-04T16:19:04.544Z,/locations/2f6426a1-641b-4190-b3a1-6f600dec8b61/services/7da109ef-1769-4c2e-9e02-9212bb5f8336,true,,,unlimited,1,,,,Store,false,,[object Object],bc27aaa9-c132-4218-a4cc-87b74a718022,
13149,886,28897,true,false,,,false,false,2018-05-02T19:11:40.845Z,2018-06-11T18:19:59.390Z,/locations/583d4dbb-da96-4bc2-ae31-b642d69b2be2/services/6fab1a09-0bfb-45a7-94e1-aa7eb12e50de,true,,1,fixed,1,,,1440,Store,true,,[object Object],bc27aaa9-c132-4218-a4cc-87b74a718022,
13180,886,28928,true,false,,,false,false,2018-05-02T19:11:47.713Z,2018-06-11T18:26:10.362Z,/locations/11bfacbe-acb4-4c2e-b326-adb41cc9e775/services/6fab1a09-0bfb-45a7-94e1-aa7eb12e50de,true,,1,fixed,1,,,1440,Store,true,,[object Object],bc27aaa9-c132-4218-a4cc-87b74a718022,
13194,886,28942,true,false,,,false,false,2018-05-02T19:11:50.809Z,2018-06-11T18:27:36.984Z,/locations/ef19933e-edd5-41b6-b0b0-657ab342bdb7/services/6fab1a09-0bfb-45a7-94e1-aa7eb12e50de,true,,1,fixed,1,,,1440,Store,true,,[object Object],bc27aaa9-c132-4218-a4cc-87b74a718022,
13247,886,29028,true,false,,,false,false,2018-05-02T19:12:03.384Z,2018-06-11T18:36:15.385Z,/locations/108330cd-b966-48d1-a9f8-970bf8119124/services/6fab1a09-0bfb-45a7-94e1-aa7eb12e50de,true,,1,fixed,1,,,1440,Store,true,,[object Object],bc27aaa9-c132-4218-a4cc-87b74a718022,
13200,886,28948,true,false,,,false,false,2018-05-02T19:11:52.285Z,2018-06-11T18:28:39.778Z,/locations/5a17c04c-8585-411c-b52a-35ba19b211d6/services/6fab1a09-0bfb-45a7-94e1-aa7eb12e50de,true,,1,fixed,1,,,1440,Store,true,true,[object Object],bc27aaa9-c132-4218-a4cc-87b74a718022,
13252,886,29032,true,false,,,false,false,2018-05-02T19:12:04.480Z,2018-06-11T18:35:17.374Z,/locations/ed2168e9-5e15-40cf-a255-5eeeeed258e1/services/6fab1a09-0bfb-45a7-94e1-aa7eb12e50de,true,,1,fixed,1,,,1440,Store,true,,[object Object],bc27aaa9-c132-4218-a4cc-87b74a718022,
13129,886,28856,true,false,,,false,false,2018-05-02T19:11:36.368Z,2018-06-11T18:17:48.615Z,/locations/b8514c94-1237-4db4-9e44-82c28e2ffd0c/services/6fab1a09-0bfb-45a7-94e1-aa7eb12e50de,true,,1,fixed,1,,,1440,Store,true,,[object Object],bc27aaa9-c132-4218-a4cc-87b74a718022,
13211,886,28959,true,false,,,false,false,2018-05-02T19:11:54.777Z,2018-06-11T18:30:20.707Z,/locations/8302432e-bf3b-465a-a51f-1af9ed94a03c/services/6fab1a09-0bfb-45a7-94e1-aa7eb12e50de,true,,1,fixed,1,,,1440,Store,true,,[object Object],bc27aaa9-c132-4218-a4cc-87b74a718022,
13254,886,29034,true,false,,,false,false,2018-05-02T19:12:04.907Z,2018-06-11T18:35:07.011Z,/locations/84452237-1b95-46ce-b4d2-923cbc84fcf2/services/6fab1a09-0bfb-45a7-94e1-aa7eb12e50de,true,,1,fixed,1,,,1440,Store,true,,[object Object],bc27aaa9-c132-4218-a4cc-87b74a718022,
13091,886,28818,true,false,,,false,false,2018-05-02T19:11:27.311Z,2018-06-11T18:11:14.534Z,/locations/120318a8-adeb-4d85-91fd-02991761abc4/services/6fab1a09-0bfb-45a7-94e1-aa7eb12e50de,true,,1,fixed,1,,,1440,Store,true,,[object Object],bc27aaa9-c132-4218-a4cc-87b74a718022,
13195,886,28943,true,false,,,false,false,2018-05-02T19:11:51.000Z,2018-06-11T18:27:42.531Z,/locations/ec5d3699-b939-49b5-9543-fb45d51af7b6/services/6fab1a09-0bfb-45a7-94e1-aa7eb12e50de,true,,1,fixed,1,,,1440,Store,true,,[object Object],bc27aaa9-c132-4218-a4cc-87b74a718022,
13092,886,28819,true,false,,,false,false,2018-05-02T19:11:27.550Z,2018-06-11T18:11:20.653Z,/locations/0c4802ef-7abc-4e71-bd8b-67aaf2278293/services/6fab1a09-0bfb-45a7-94e1-aa7eb12e50de,true,,1,fixed,1,,,1440,Store,true,,[object Object],bc27aaa9-c132-4218-a4cc-87b74a718022,
13219,886,29000,true,false,,,false,false,2018-05-02T19:11:56.661Z,2018-06-11T18:31:32.883Z,/locations/1d202395-f6fc-481b-9174-0947f7bd0ede/services/6fab1a09-0bfb-45a7-94e1-aa7eb12e50de,true,,1,fixed,1,,,1440,Store,true,,[object Object],bc27aaa9-c132-4218-a4cc-87b74a718022,
13253,886,29033,true,false,,,false,false,2018-05-02T19:12:04.709Z,2018-06-11T18:35:11.975Z,/locations/8f5eaee6-29c6-44c8-9955-d30b6f1ca231/services/6fab1a09-0bfb-45a7-94e1-aa7eb12e50de,true,,1,fixed,1,,,1440,Store,true,,[object Object],bc27aaa9-c132-4218-a4cc-87b74a718022,
13259,886,29039,true,false,,,false,false,2018-05-02T19:12:06.066Z,2018-06-11T18:34:39.507Z,/locations/9fbaf95e-14d7-4479-a965-5411bcdc4abd/services/6fab1a09-0bfb-45a7-94e1-aa7eb12e50de,true,,1,fixed,1,,,1440,Store,true,,[object Object],bc27aaa9-c132-4218-a4cc-87b74a718022,
13235,886,29016,true,false,,,false,false,2018-05-02T19:12:00.277Z,2018-06-11T18:33:11.139Z,/locations/65ca777b-5c64-4439-ae78-146a171a686f/services/6fab1a09-0bfb-45a7-94e1-aa7eb12e50de,true,,1,fixed,1,,,1440,Store,true,,[object Object],bc27aaa9-c132-4218-a4cc-87b74a718022,
13198,886,28946,true,false,,,false,false,2018-05-02T19:11:51.737Z,2018-06-11T18:28:01.499Z,/locations/9dd41b94-6341-4ef6-9e0e-b70b14861018/services/6fab1a09-0bfb-45a7-94e1-aa7eb12e50de,true,,1,fixed,1,,,1440,Store,true,,[object Object],bc27aaa9-c132-4218-a4cc-87b74a718022,
13251,886,29031,true,false,,,false,false,2018-05-02T19:12:04.272Z,2018-06-11T18:35:22.849Z,/locations/8e75533e-44f5-4633-abc9-70af19db2c96/services/6fab1a09-0bfb-45a7-94e1-aa7eb12e50de,true,,1,fixed,1,,,1440,Store,true,,[object Object],bc27aaa9-c132-4218-a4cc-87b74a718022,
13113,886,28840,true,false,,,false,false,2018-05-02T19:11:32.647Z,2018-06-11T18:14:02.585Z,/locations/91b42bee-a901-4cc1-8b0d-995fb09ac718/services/6fab1a09-0bfb-45a7-94e1-aa7eb12e50de,true,,1,fixed,1,,,1440,Store,true,,[object Object],bc27aaa9-c132-4218-a4cc-87b74a718022,
13263,886,29043,true,false,,,false,false,2018-05-02T19:12:07.100Z,2018-06-11T18:34:25.030Z,/locations/ca47a3f1-44a6-4565-a0a3-da2aeee69583/services/6fab1a09-0bfb-45a7-94e1-aa7eb12e50de,true,,1,fixed,1,,,1440,Store,true,,[object Object],bc27aaa9-c132-4218-a4cc-87b74a718022,
13163,886,28911,true,false,,,false,false,2018-05-02T19:11:43.985Z,2018-06-11T18:22:55.640Z,/locations/db958ea6-aedf-4408-a318-7fcb05dc3ff2/services/6fab1a09-0bfb-45a7-94e1-aa7eb12e50de,true,,1,fixed,1,,,1440,Store,true,,[object Object],bc27aaa9-c132-4218-a4cc-87b74a718022,
13221,886,29002,true,false,,,false,false,2018-05-02T19:11:57.055Z,2018-06-11T18:31:44.050Z,/locations/491047b6-ff4f-40c9-bfdf-edef7aedd0a3/services/6fab1a09-0bfb-45a7-94e1-aa7eb12e50de,true,,1,fixed,1,,,1440,Store,true,,[object Object],bc27aaa9-c132-4218-a4cc-87b74a718022,
13240,886,29021,true,false,,,false,false,2018-05-02T19:12:01.520Z,2018-06-11T18:33:41.901Z,/locations/94fb608a-24e3-4dff-b3b2-702aaee1f104/services/6fab1a09-0bfb-45a7-94e1-aa7eb12e50de,true,,1,fixed,1,,,1440,Store,true,,[object Object],bc27aaa9-c132-4218-a4cc-87b74a718022,
13188,886,28936,true,false,,,false,false,2018-05-02T19:11:49.544Z,2018-06-11T18:26:57.992Z,/locations/963e34d5-5e4f-4641-b3c5-3a03f0e2f0ca/services/6fab1a09-0bfb-45a7-94e1-aa7eb12e50de,true,,1,fixed,1,,,1440,Store,true,,[object Object],bc27aaa9-c132-4218-a4cc-87b74a718022,
13059,886,28793,true,false,,,false,false,2018-05-01T18:52:31.145Z,2018-06-08T21:10:07.135Z,/locations/cc109caf-2958-4d74-b7e3-a12ce11e93a0/services/6fab1a09-0bfb-45a7-94e1-aa7eb12e50de,true,,1,fixed,1,,,60,Store,false,,[object Object],bc27aaa9-c132-4218-a4cc-87b74a718022,
13121,886,28848,true,false,,,false,false,2018-05-02T19:11:34.562Z,2018-06-11T18:16:52.993Z,/locations/ed86d5b9-1641-4c9a-a8f8-2c8064dfa774/services/6fab1a09-0bfb-45a7-94e1-aa7eb12e50de,true,,1,fixed,1,,,1440,Store,true,,[object Object],bc27aaa9-c132-4218-a4cc-87b74a718022,
13255,886,29035,true,false,,,false,false,2018-05-02T19:12:05.139Z,2018-06-11T18:35:00.501Z,/locations/aea6544d-e7d3-4bfc-a2b4-2a0715b6332c/services/6fab1a09-0bfb-45a7-94e1-aa7eb12e50de,true,,,fixed,1,,,1440,Store,true,,[object Object],bc27aaa9-c132-4218-a4cc-87b74a718022,
13159,886,28907,true,false,,,false,false,2018-05-02T19:11:43.018Z,2018-06-11T18:23:28.521Z,/locations/a392bdd8-c31b-49c5-89c9-f21f89a5aea7/services/6fab1a09-0bfb-45a7-94e1-aa7eb12e50de,true,,1,fixed,1,,,1440,Store,true,,[object Object],bc27aaa9-c132-4218-a4cc-87b74a718022,
13238,886,29019,true,false,,,false,false,2018-05-02T19:12:00.979Z,2018-06-11T18:33:27.543Z,/locations/4785000c-27f2-435e-9776-cbd8eed92d3c/services/6fab1a09-0bfb-45a7-94e1-aa7eb12e50de,true,,,fixed,1,,,1440,Store,true,,[object Object],bc27aaa9-c132-4218-a4cc-87b74a718022,
13172,886,28920,true,false,,,false,false,2018-05-02T19:11:45.978Z,2018-06-11T18:21:47.509Z,/locations/bf971c89-5f31-4b06-a8c1-cc9d28b62d76/services/6fab1a09-0bfb-45a7-94e1-aa7eb12e50de,true,,1,fixed,1,,,1440,Store,true,,[object Object],bc27aaa9-c132-4218-a4cc-87b74a718022,
13179,886,28927,true,false,,,false,false,2018-05-02T19:11:47.484Z,2018-06-11T18:26:04.098Z,/locations/4e0c5603-09d6-4581-8c6e-9f03751f7d20/services/6fab1a09-0bfb-45a7-94e1-aa7eb12e50de,true,,1,fixed,1,,,1440,Store,true,,[object Object],bc27aaa9-c132-4218-a4cc-87b74a718022,
13199,886,28947,true,false,,,false,false,2018-05-02T19:11:51.962Z,2018-06-11T18:28:09.451Z,/locations/77af86eb-9307-45db-af08-a54543f68076/services/6fab1a09-0bfb-45a7-94e1-aa7eb12e50de,true,,1,fixed,1,,,1440,Store,true,,[object Object],bc27aaa9-c132-4218-a4cc-87b74a718022,
13212,886,28960,true,false,,,false,false,2018-05-02T19:11:54.996Z,2018-06-11T18:30:26.351Z,/locations/edb164bf-42a4-4fb9-af5e-120505fdd2d5/services/6fab1a09-0bfb-45a7-94e1-aa7eb12e50de,true,,1,fixed,1,,,1440,Store,true,,[object Object],bc27aaa9-c132-4218-a4cc-87b74a718022,
13181,886,28929,true,false,,,false,false,2018-05-02T19:11:47.940Z,2018-06-11T18:26:16.463Z,/locations/92333e9b-b45a-48db-be2f-b35c3340419a/services/6fab1a09-0bfb-45a7-94e1-aa7eb12e50de,true,,1,fixed,1,,,1440,Store,true,,[object Object],bc27aaa9-c132-4218-a4cc-87b74a718022,
13229,886,29010,true,false,,,false,false,2018-05-02T19:11:58.888Z,2018-06-11T18:32:39.370Z,/locations/c582d215-f4ff-4e7d-8ba8-29b58d8d197c/services/6fab1a09-0bfb-45a7-94e1-aa7eb12e50de,true,,10,fixed,1,,,60,Store,true,,[object Object],bc27aaa9-c132-4218-a4cc-87b74a718022,
13175,886,28923,true,false,,,false,false,2018-05-02T19:11:46.633Z,2018-06-11T18:21:28.952Z,/locations/05a14ce3-bb04-4832-8d94-5d6097f0805e/services/6fab1a09-0bfb-45a7-94e1-aa7eb12e50de,true,,1,fixed,1,,,1440,Store,true,,[object Object],bc27aaa9-c132-4218-a4cc-87b74a718022,
13232,886,29013,true,false,,,false,false,2018-05-02T19:11:59.639Z,2018-06-11T18:32:55.694Z,/locations/9aabb0c5-eb1a-4bac-b896-ab3d9c92b26e/services/6fab1a09-0bfb-45a7-94e1-aa7eb12e50de,true,,1,fixed,1,,,1440,Store,true,,[object Object],bc27aaa9-c132-4218-a4cc-87b74a718022,
13227,886,29008,true,false,,,false,false,2018-05-02T19:11:58.449Z,2018-06-11T18:32:27.690Z,/locations/c596edb3-f28a-4bd9-b113-339b7d1f5e72/services/6fab1a09-0bfb-45a7-94e1-aa7eb12e50de,true,,1,fixed,1,,,60,Store,true,,[object Object],bc27aaa9-c132-4218-a4cc-87b74a718022,
13090,886,28817,true,false,,,false,false,2018-05-02T19:11:27.109Z,2018-06-11T18:11:08.470Z,/locations/bfb186dc-2b0d-4e44-92c1-bfbfc084334a/services/6fab1a09-0bfb-45a7-94e1-aa7eb12e50de,true,,1,fixed,1,,,1440,Store,true,,[object Object],bc27aaa9-c132-4218-a4cc-87b74a718022,
13095,886,28822,true,false,,,false,false,2018-05-02T19:11:28.221Z,2018-06-11T18:11:47.919Z,/locations/5476f3ef-97f3-4603-9dec-1c1f54682f73/services/6fab1a09-0bfb-45a7-94e1-aa7eb12e50de,true,,1,fixed,1,,,1440,Store,true,,[object Object],bc27aaa9-c132-4218-a4cc-87b74a718022,
13115,886,28842,true,false,,,false,false,2018-05-02T19:11:33.071Z,2018-06-11T18:14:19.496Z,/locations/29cd7432-559e-4ac3-ac0c-9f765aa6b3f0/services/6fab1a09-0bfb-45a7-94e1-aa7eb12e50de,true,,1,fixed,1,,,1440,Store,true,,[object Object],bc27aaa9-c132-4218-a4cc-87b74a718022,
13187,886,28935,true,false,,,false,false,2018-05-02T19:11:49.308Z,2018-06-11T18:26:53.054Z,/locations/00e793d2-a73f-4ee4-b46b-03cbb31d2672/services/6fab1a09-0bfb-45a7-94e1-aa7eb12e50de,true,,1,fixed,1,,,1440,Store,true,,[object Object],bc27aaa9-c132-4218-a4cc-87b74a718022,
13075,886,28802,false,false,,,false,false,2018-05-02T19:11:23.505Z,2018-10-19T19:33:31.885Z,/locations/b4a8093a-6c9b-4cbe-9dbd-00ba730aa93f/services/6fab1a09-0bfb-45a7-94e1-aa7eb12e50de,true,,1,fixed,1,,,60,Store,true,,[object Object],bc27aaa9-c132-4218-a4cc-87b74a718022,
13098,886,28825,true,false,,,false,false,2018-05-02T19:11:28.902Z,2018-06-11T18:12:06.598Z,/locations/c05629c7-31e3-4992-8624-189748f958d6/services/6fab1a09-0bfb-45a7-94e1-aa7eb12e50de,true,,1,fixed,1,,,1440,Store,true,,[object Object],bc27aaa9-c132-4218-a4cc-87b74a718022,
13128,886,28855,true,false,,,false,false,2018-05-02T19:11:36.133Z,2018-06-11T18:17:43.297Z,/locations/3736f539-f75f-4a48-96e7-147c3633509c/services/6fab1a09-0bfb-45a7-94e1-aa7eb12e50de,true,,1,fixed,1,,,1440,Store,true,,[object Object],bc27aaa9-c132-4218-a4cc-87b74a718022,
13169,886,28917,true,false,,,false,false,2018-05-02T19:11:45.327Z,2018-06-11T18:22:02.812Z,/locations/55eefe52-7a0e-4156-ab49-58e8adbde39a/services/6fab1a09-0bfb-45a7-94e1-aa7eb12e50de,true,,1,fixed,1,,,1440,Store,true,,[object Object],bc27aaa9-c132-4218-a4cc-87b74a718022,
13191,886,28939,true,false,,,false,false,2018-05-02T19:11:50.150Z,2018-06-11T18:27:11.440Z,/locations/1997fcb4-e7da-4555-b1cb-ed4653bff5e3/services/6fab1a09-0bfb-45a7-94e1-aa7eb12e50de,true,,,fixed,1,,,1440,Store,true,,[object Object],bc27aaa9-c132-4218-a4cc-87b74a718022,
13069,886,28796,true,false,,,false,false,2018-05-02T18:56:55.600Z,2018-06-11T18:06:53.103Z,/locations/a409ff03-eea8-462c-a86e-44f8c015d5ff/services/6fab1a09-0bfb-45a7-94e1-aa7eb12e50de,true,,1,fixed,1,,,1440,Store,true,,[object Object],bc27aaa9-c132-4218-a4cc-87b74a718022,
13223,886,29004,true,false,,,false,false,2018-05-02T19:11:57.556Z,2018-06-11T18:32:02.654Z,/locations/45bc4caa-b211-4ee8-80bb-5b5f15fe38d0/services/6fab1a09-0bfb-45a7-94e1-aa7eb12e50de,true,,1,fixed,1,,,1440,Store,true,,[object Object],bc27aaa9-c132-4218-a4cc-87b74a718022,
13110,886,28837,true,false,,,false,false,2018-05-02T19:11:31.797Z,2018-06-11T18:13:41.256Z,/locations/bac4d56a-d23b-49bd-a8b8-0030b46a8a68/services/6fab1a09-0bfb-45a7-94e1-aa7eb12e50de,true,,1,fixed,1,,,1440,Store,true,,[object Object],bc27aaa9-c132-4218-a4cc-87b74a718022,
13174,886,28922,true,false,,,false,false,2018-05-02T19:11:46.431Z,2018-06-11T18:21:35.570Z,/locations/7c6cbebf-2331-4078-a405-206ac68b68a5/services/6fab1a09-0bfb-45a7-94e1-aa7eb12e50de,true,,1,fixed,1,,,60,Store,true,,[object Object],bc27aaa9-c132-4218-a4cc-87b74a718022,
13125,886,28852,true,false,,,false,false,2018-05-02T19:11:35.493Z,2018-06-11T18:17:19.457Z,/locations/30d3612d-bfe2-441c-ab79-4f9fbcdb0b4b/services/6fab1a09-0bfb-45a7-94e1-aa7eb12e50de,true,,1,fixed,1,,,1440,Store,true,true,[object Object],bc27aaa9-c132-4218-a4cc-87b74a718022,
13071,886,28797,true,false,,,false,false,2018-05-02T19:11:22.331Z,2018-06-11T18:07:04.999Z,/locations/302091d6-fe14-4f4b-8da2-ac80c16de23a/services/6fab1a09-0bfb-45a7-94e1-aa7eb12e50de,true,,1,fixed,1,,,1440,Store,true,,[object Object],bc27aaa9-c132-4218-a4cc-87b74a718022,
13101,886,28828,true,false,,,false,false,2018-05-02T19:11:29.581Z,2018-06-12T18:41:39.270Z,/locations/f65c5402-6391-4902-9d22-cc8aa247fd72/services/6fab1a09-0bfb-45a7-94e1-aa7eb12e50de,true,,1,fixed,1,,,1440,Store,true,,[object Object],bc27aaa9-c132-4218-a4cc-87b74a718022,
13118,886,28845,true,false,,,false,false,2018-05-02T19:11:33.753Z,2018-06-11T18:14:37.887Z,/locations/e2c5a40c-a66f-4753-944f-ad4ce8b2bfe7/services/6fab1a09-0bfb-45a7-94e1-aa7eb12e50de,true,,1,fixed,1,,,1440,Store,true,,[object Object],bc27aaa9-c132-4218-a4cc-87b74a718022,
13133,886,28860,true,false,,,false,false,2018-05-02T19:11:37.302Z,2018-06-11T18:18:16.154Z,/locations/c3556cc4-bbdf-4c59-9544-228d5748a75d/services/6fab1a09-0bfb-45a7-94e1-aa7eb12e50de,true,,1,fixed,1,,,1440,Store,true,,[object Object],bc27aaa9-c132-4218-a4cc-87b74a718022,
13073,886,28800,true,false,,,false,false,2018-05-02T19:11:23.013Z,2018-06-11T18:09:03.364Z,/locations/d3c939b4-7edd-4d1a-9156-c5a44dce910c/services/6fab1a09-0bfb-45a7-94e1-aa7eb12e50de,true,,1,fixed,1,,,1440,Store,true,,[object Object],bc27aaa9-c132-4218-a4cc-87b74a718022,
13111,886,28838,true,false,,,false,false,2018-05-02T19:11:32.018Z,2018-06-11T18:13:50.027Z,/locations/8e841997-359c-47a4-94b6-21f96e648de4/services/6fab1a09-0bfb-45a7-94e1-aa7eb12e50de,true,,1,fixed,1,,,1440,Store,true,,[object Object],bc27aaa9-c132-4218-a4cc-87b74a718022,
13074,886,28801,true,false,,,false,false,2018-05-02T19:11:23.295Z,2018-06-11T18:09:10.126Z,/locations/e152b15e-cc4c-4e8e-b6ea-f24a6e4c4740/services/6fab1a09-0bfb-45a7-94e1-aa7eb12e50de,true,,1,fixed,1,,,60,Store,true,,[object Object],bc27aaa9-c132-4218-a4cc-87b74a718022,
13107,886,28834,true,false,,,false,false,2018-05-02T19:11:31.047Z,2018-06-11T18:13:13.932Z,/locations/22b7145c-3011-4c15-ae24-715695f1215b/services/6fab1a09-0bfb-45a7-94e1-aa7eb12e50de,true,,1,fixed,1,,,1440,Store,true,,[object Object],bc27aaa9-c132-4218-a4cc-87b74a718022,
13123,886,28850,true,false,,,false,false,2018-05-02T19:11:34.999Z,2018-06-11T18:17:04.654Z,/locations/6cc66609-affc-4a76-ba04-a72e871486fc/services/6fab1a09-0bfb-45a7-94e1-aa7eb12e50de,true,,1,fixed,1,,,1440,Store,true,,[object Object],bc27aaa9-c132-4218-a4cc-87b74a718022,
13155,886,28903,true,false,,,false,false,2018-05-02T19:11:42.116Z,2018-06-11T18:20:58.763Z,/locations/181ccf85-f9bb-4802-99d5-f94719a759dd/services/6fab1a09-0bfb-45a7-94e1-aa7eb12e50de,true,,1,fixed,1,,,1440,Store,true,,[object Object],bc27aaa9-c132-4218-a4cc-87b74a718022,
13076,886,28803,true,false,,,false,false,2018-05-02T19:11:23.746Z,2018-06-11T18:09:23.988Z,/locations/cc8b3d1e-71e9-4714-892c-953c09c10810/services/6fab1a09-0bfb-45a7-94e1-aa7eb12e50de,true,,1,fixed,1,,,1440,Store,true,,[object Object],bc27aaa9-c132-4218-a4cc-87b74a718022,
13136,886,28863,true,false,,,false,false,2018-05-02T19:11:37.964Z,2018-06-11T18:18:37.180Z,/locations/1858deca-7782-41f8-bb99-ba782e495cbc/services/6fab1a09-0bfb-45a7-94e1-aa7eb12e50de,true,,1,fixed,1,,,1440,Store,true,,[object Object],bc27aaa9-c132-4218-a4cc-87b74a718022,
13176,886,28924,true,false,,,false,false,2018-05-02T19:11:46.839Z,2018-06-11T18:21:16.592Z,/locations/60cc70b7-9e93-4515-8cd1-52df813c0a62/services/6fab1a09-0bfb-45a7-94e1-aa7eb12e50de,true,,1,fixed,1,,,1440,Store,true,,[object Object],bc27aaa9-c132-4218-a4cc-87b74a718022,
13233,886,29014,true,false,,,false,false,2018-05-02T19:11:59.844Z,2018-06-11T18:32:58.745Z,/locations/94992bf8-84e4-4029-9c8e-d5b0b257cf19/services/6fab1a09-0bfb-45a7-94e1-aa7eb12e50de,true,,,fixed,1,,,60,Store,true,,[object Object],bc27aaa9-c132-4218-a4cc-87b74a718022,
13078,886,28805,true,false,,,false,false,2018-05-02T19:11:24.195Z,2018-06-11T18:09:36.163Z,/locations/1ade97cd-0155-4929-9cbb-484e102f99ec/services/6fab1a09-0bfb-45a7-94e1-aa7eb12e50de,true,,1,fixed,1,,,1440,Store,true,,[object Object],bc27aaa9-c132-4218-a4cc-87b74a718022,
13249,886,29030,true,false,,,false,false,2018-05-02T19:12:03.830Z,2018-06-11T18:35:34.082Z,/locations/32a19bdd-81da-4a21-b00c-ef71a720c837/services/6fab1a09-0bfb-45a7-94e1-aa7eb12e50de,true,,1,fixed,1,,,1440,Store,true,,[object Object],bc27aaa9-c132-4218-a4cc-87b74a718022,
13079,886,28806,true,false,,,false,false,2018-05-02T19:11:24.434Z,2018-06-11T18:09:43.281Z,/locations/9be142bc-d3cd-4792-9f2b-ec0c8fc591f2/services/6fab1a09-0bfb-45a7-94e1-aa7eb12e50de,true,,1,fixed,1,,,1440,Store,true,,[object Object],bc27aaa9-c132-4218-a4cc-87b74a718022,
13157,886,28905,true,false,,,false,false,2018-05-02T19:11:42.565Z,2018-06-11T18:23:44.508Z,/locations/0af055f2-19ec-4758-8ce4-72ccbd0632ca/services/6fab1a09-0bfb-45a7-94e1-aa7eb12e50de,true,,1,fixed,1,,,1440,Store,true,,[object Object],bc27aaa9-c132-4218-a4cc-87b74a718022,
13248,886,29029,true,false,,,false,false,2018-05-02T19:12:03.587Z,2018-06-11T18:36:23.488Z,/locations/baf6263f-996d-441a-bd82-393b60a5ee1e/services/6fab1a09-0bfb-45a7-94e1-aa7eb12e50de,true,,1,fixed,1,,,60,Store,true,,[object Object],bc27aaa9-c132-4218-a4cc-87b74a718022,
13080,886,28807,true,false,,,false,false,2018-05-02T19:11:24.696Z,2018-06-11T18:09:50.052Z,/locations/5b56c917-00af-4f40-bae5-94415eec97e6/services/6fab1a09-0bfb-45a7-94e1-aa7eb12e50de,true,,1,fixed,1,,,1440,Store,true,,[object Object],bc27aaa9-c132-4218-a4cc-87b74a718022,
13139,886,28866,true,false,,,false,false,2018-05-02T19:11:38.660Z,2018-06-11T18:18:59.699Z,/locations/2524d4b2-6f1d-496d-8496-3c5a48f2ac35/services/6fab1a09-0bfb-45a7-94e1-aa7eb12e50de,true,,1,fixed,1,,,1440,Store,true,,[object Object],bc27aaa9-c132-4218-a4cc-87b74a718022,
13250,886,29045,true,false,,,false,false,2018-05-02T19:12:04.063Z,2018-06-11T18:35:27.530Z,/locations/6c0dfe76-1c42-4706-acd0-f6f0857624cd/services/6fab1a09-0bfb-45a7-94e1-aa7eb12e50de,true,,1,fixed,1,,,1440,Store,true,,[object Object],bc27aaa9-c132-4218-a4cc-87b74a718022,
13081,886,28808,true,false,,,false,false,2018-05-02T19:11:24.944Z,2018-06-11T18:09:56.113Z,/locations/8b161598-d38d-426c-b6d2-4c4ecb96bf98/services/6fab1a09-0bfb-45a7-94e1-aa7eb12e50de,true,,1,fixed,1,,,1440,Store,true,,[object Object],bc27aaa9-c132-4218-a4cc-87b74a718022,
13082,886,28809,true,false,,,false,false,2018-05-02T19:11:25.174Z,2018-06-11T18:10:05.539Z,/locations/c8b883bc-25fe-4f03-9fd6-27a0ac6f29e2/services/6fab1a09-0bfb-45a7-94e1-aa7eb12e50de,true,,1,fixed,1,,,60,Store,true,,[object Object],bc27aaa9-c132-4218-a4cc-87b74a718022,
13124,886,28851,true,false,,,false,false,2018-05-02T19:11:35.262Z,2018-06-11T18:17:11.682Z,/locations/09128492-24c0-4683-8742-b39108915d95/services/6fab1a09-0bfb-45a7-94e1-aa7eb12e50de,true,,1,fixed,1,,,1440,Store,true,,[object Object],bc27aaa9-c132-4218-a4cc-87b74a718022,
13156,886,28904,true,false,,,false,false,2018-05-02T19:11:42.350Z,2018-06-11T18:23:55.538Z,/locations/f320a195-bd7a-4dc6-8d9d-c1dcdc76c2fe/services/6fab1a09-0bfb-45a7-94e1-aa7eb12e50de,true,,1,fixed,1,,,1440,Store,true,,[object Object],bc27aaa9-c132-4218-a4cc-87b74a718022,
13202,886,28950,true,false,,,false,false,2018-05-02T19:11:52.734Z,2018-06-11T18:28:49.727Z,/locations/daa641aa-75b5-4cab-86ee-604c1095d1c2/services/6fab1a09-0bfb-45a7-94e1-aa7eb12e50de,true,,1,fixed,1,,,60,Store,true,,[object Object],bc27aaa9-c132-4218-a4cc-87b74a718022,
13083,886,28810,true,false,,,false,false,2018-05-02T19:11:25.402Z,2018-06-11T18:10:10.287Z,/locations/4ad1f79a-18ef-45f4-979b-c0a6d70ead0f/services/6fab1a09-0bfb-45a7-94e1-aa7eb12e50de,true,,,fixed,1,,,60,Store,true,,[object Object],bc27aaa9-c132-4218-a4cc-87b74a718022,
13171,886,28919,true,false,,,false,false,2018-05-02T19:11:45.749Z,2018-06-11T18:21:53.485Z,/locations/b9335c10-4566-4354-970d-7bd87741ed20/services/6fab1a09-0bfb-45a7-94e1-aa7eb12e50de,true,,10,fixed,1,,,1440,Store,true,,[object Object],bc27aaa9-c132-4218-a4cc-87b74a718022,
13084,886,28811,true,false,,,false,false,2018-05-02T19:11:25.633Z,2018-06-11T18:10:20.055Z,/locations/e98cd43c-d36b-4115-b47a-54c1c21784f5/services/6fab1a09-0bfb-45a7-94e1-aa7eb12e50de,true,,,fixed,1,,,1440,Store,true,,[object Object],bc27aaa9-c132-4218-a4cc-87b74a718022,
13132,886,28859,true,false,,,false,false,2018-05-02T19:11:37.036Z,2018-06-11T18:18:10.037Z,/locations/3e7b3a7b-99cb-4dd2-b6ed-09a0da66cb3b/services/6fab1a09-0bfb-45a7-94e1-aa7eb12e50de,true,,1,fixed,1,,,1440,Store,true,,[object Object],bc27aaa9-c132-4218-a4cc-87b74a718022,
13178,886,28926,true,false,,,false,false,2018-05-02T19:11:47.254Z,2018-06-11T18:25:56.253Z,/locations/566b1006-9d48-4342-a665-8e9c8b906581/services/6fab1a09-0bfb-45a7-94e1-aa7eb12e50de,true,,1,fixed,1,,,1440,Store,true,,[object Object],bc27aaa9-c132-4218-a4cc-87b74a718022,
13085,886,28812,true,false,,,false,false,2018-05-02T19:11:25.859Z,2018-06-11T18:10:28.177Z,/locations/9a16c0f0-b06b-44da-85a6-362fae879835/services/6fab1a09-0bfb-45a7-94e1-aa7eb12e50de,true,,1,fixed,1,,,1440,Store,true,,[object Object],bc27aaa9-c132-4218-a4cc-87b74a718022,
13257,886,29037,true,false,,,false,false,2018-05-02T19:12:05.624Z,2018-06-11T18:34:49.170Z,/locations/061bbbed-caf8-4116-9a1a-2f86bd0f40cb/services/6fab1a09-0bfb-45a7-94e1-aa7eb12e50de,true,,1,fixed,1,,,1440,Store,true,true,[object Object],bc27aaa9-c132-4218-a4cc-87b74a718022,
13087,886,28814,true,false,,,false,false,2018-05-02T19:11:26.287Z,2018-06-11T18:10:40.168Z,/locations/87549caf-e3cc-4945-877e-1e557bb3f908/services/6fab1a09-0bfb-45a7-94e1-aa7eb12e50de,true,,1,fixed,1,,,1440,Store,true,,[object Object],bc27aaa9-c132-4218-a4cc-87b74a718022,
13150,886,28898,true,false,,,false,false,2018-05-02T19:11:41.049Z,2018-06-11T18:20:30.631Z,/locations/4a4cf669-1195-41b9-aefc-cc125670b9bb/services/6fab1a09-0bfb-45a7-94e1-aa7eb12e50de,true,,1,fixed,1,,,1440,Store,true,,[object Object],bc27aaa9-c132-4218-a4cc-87b74a718022,
13088,886,28815,true,false,,,false,false,2018-05-02T19:11:26.603Z,2018-06-11T18:10:53.848Z,/locations/a555e534-07ce-499b-b0de-3937ee8f1781/services/6fab1a09-0bfb-45a7-94e1-aa7eb12e50de,true,,1,fixed,1,,,1440,Store,true,,[object Object],bc27aaa9-c132-4218-a4cc-87b74a718022,
13117,886,28844,true,false,,,false,false,2018-05-02T19:11:33.526Z,2018-06-11T18:14:30.190Z,/locations/2859f59c-bb7b-48cf-bc46-7ebad55d1ff0/services/6fab1a09-0bfb-45a7-94e1-aa7eb12e50de,true,,1,fixed,1,,,60,Store,true,,[object Object],bc27aaa9-c132-4218-a4cc-87b74a718022,
13130,886,28857,true,false,,,false,false,2018-05-02T19:11:36.595Z,2018-06-11T18:17:56.323Z,/locations/d6e5ea9f-2ca1-4085-abeb-38b2b4c27d21/services/6fab1a09-0bfb-45a7-94e1-aa7eb12e50de,true,,1,fixed,1,,,1440,Store,true,,[object Object],bc27aaa9-c132-4218-a4cc-87b74a718022,
13089,886,28816,true,false,,,false,false,2018-05-02T19:11:26.901Z,2018-06-11T18:11:01.380Z,/locations/1a3ff3f6-a2f8-4b22-b961-ea3110dad384/services/6fab1a09-0bfb-45a7-94e1-aa7eb12e50de,true,,1,fixed,1,,,1440,Store,true,,[object Object],bc27aaa9-c132-4218-a4cc-87b74a718022,
13094,886,28821,true,false,,,false,false,2018-05-02T19:11:28.018Z,2018-06-11T18:11:37.845Z,/locations/14e7db55-a8dd-447f-ba8f-ceaa00ad2486/services/6fab1a09-0bfb-45a7-94e1-aa7eb12e50de,true,,1,fixed,1,,,1440,Store,true,,[object Object],bc27aaa9-c132-4218-a4cc-87b74a718022,
13154,886,28902,true,false,,,false,false,2018-05-02T19:11:41.902Z,2018-06-11T18:20:51.367Z,/locations/2a2af245-0e78-4303-9c49-c9247064a857/services/6fab1a09-0bfb-45a7-94e1-aa7eb12e50de,true,,1,fixed,1,,,1440,Store,true,,[object Object],bc27aaa9-c132-4218-a4cc-87b74a718022,
13234,886,29015,true,false,,,false,false,2018-05-02T19:12:00.080Z,2018-06-11T18:33:05.677Z,/locations/2bdbb730-0a68-4c0b-8d1c-863685165a70/services/6fab1a09-0bfb-45a7-94e1-aa7eb12e50de,true,,1,fixed,1,,,1440,Store,true,,[object Object],bc27aaa9-c132-4218-a4cc-87b74a718022,
13097,886,28824,true,false,,,false,false,2018-05-02T19:11:28.679Z,2018-06-11T18:12:00.827Z,/locations/6d8503af-ce48-4e13-adb6-459a2bebbfe3/services/6fab1a09-0bfb-45a7-94e1-aa7eb12e50de,true,,1,fixed,1,,,1440,Store,true,,[object Object],bc27aaa9-c132-4218-a4cc-87b74a718022,
13070,886,28798,true,false,,,false,false,2018-05-02T19:08:48.625Z,2018-06-11T18:07:15.790Z,/locations/b1b9e0c6-83c7-4b31-9d28-e6d441a402b2/services/6fab1a09-0bfb-45a7-94e1-aa7eb12e50de,true,,1,fixed,1,,,1440,Store,true,,[object Object],bc27aaa9-c132-4218-a4cc-87b74a718022,
13102,886,28829,true,false,,,false,false,2018-05-02T19:11:29.783Z,2018-06-11T18:12:31.787Z,/locations/194c179f-ef13-40e0-89a7-7ad3d09cb66e/services/6fab1a09-0bfb-45a7-94e1-aa7eb12e50de,true,,1,fixed,1,,,1440,Store,true,,[object Object],bc27aaa9-c132-4218-a4cc-87b74a718022,
13184,886,28932,true,false,,,false,false,2018-05-02T19:11:48.679Z,2018-06-11T18:26:34.602Z,/locations/01ae584a-786e-453b-aa2d-7e961972a600/services/6fab1a09-0bfb-45a7-94e1-aa7eb12e50de,true,,1440,fixed,1,,,1440,Store,true,,[object Object],bc27aaa9-c132-4218-a4cc-87b74a718022,
13237,886,29018,true,false,,,false,false,2018-05-02T19:12:00.719Z,2018-06-11T18:33:20.060Z,/locations/99b296fd-0e43-436a-88f0-433690d10b3c/services/6fab1a09-0bfb-45a7-94e1-aa7eb12e50de,true,,,fixed,1,,,1440,Store,true,,[object Object],bc27aaa9-c132-4218-a4cc-87b74a718022,
13077,886,28804,true,false,,,false,false,2018-05-02T19:11:23.971Z,2018-06-11T18:09:29.798Z,/locations/e1f05887-2f22-402e-bbab-bebcf2d5c483/services/6fab1a09-0bfb-45a7-94e1-aa7eb12e50de,true,,1,fixed,1,,,1440,Store,true,,[object Object],bc27aaa9-c132-4218-a4cc-87b74a718022,
13099,886,28826,true,false,,,false,false,2018-05-02T19:11:29.135Z,2018-06-11T18:12:12.386Z,/locations/5681696f-7450-44b8-abc3-d66a407c9e7f/services/6fab1a09-0bfb-45a7-94e1-aa7eb12e50de,true,,2,fixed,1,,,1440,Store,true,,[object Object],bc27aaa9-c132-4218-a4cc-87b74a718022,
13114,886,28841,true,false,,,false,false,2018-05-02T19:11:32.856Z,2018-06-11T18:14:09.454Z,/locations/c6150681-c602-406d-9438-e66ddb188092/services/6fab1a09-0bfb-45a7-94e1-aa7eb12e50de,true,,1,fixed,1,,,1440,Store,true,,[object Object],bc27aaa9-c132-4218-a4cc-87b74a718022,
13153,886,28901,true,false,,,false,false,2018-05-02T19:11:41.694Z,2018-06-11T18:20:45.982Z,/locations/9e6412fe-5161-4fd5-9def-c660b4913f57/services/6fab1a09-0bfb-45a7-94e1-aa7eb12e50de,true,,1,fixed,1,,,1440,Store,true,,[object Object],bc27aaa9-c132-4218-a4cc-87b74a718022,
13103,886,28830,true,false,,,false,false,2018-05-02T19:11:30.008Z,2018-06-11T18:12:38.884Z,/locations/8aba1405-be88-4697-912e-0c9b7f3b7cb7/services/6fab1a09-0bfb-45a7-94e1-aa7eb12e50de,true,,1,fixed,1,,,1440,Store,true,,[object Object],bc27aaa9-c132-4218-a4cc-87b74a718022,
13160,886,28908,true,false,,,false,false,2018-05-02T19:11:43.328Z,2018-06-11T18:23:22.549Z,/locations/12422b34-f962-468e-8e0f-e18827ac2256/services/6fab1a09-0bfb-45a7-94e1-aa7eb12e50de,true,,1,fixed,1,,,60,Store,true,true,[object Object],bc27aaa9-c132-4218-a4cc-87b74a718022,
13239,886,29020,true,false,,,false,false,2018-05-02T19:12:01.244Z,2018-06-11T18:33:34.678Z,/locations/b1594e59-8320-45df-bfc5-61a99581cb7b/services/6fab1a09-0bfb-45a7-94e1-aa7eb12e50de,true,,1,fixed,1,,,60,Store,true,,[object Object],bc27aaa9-c132-4218-a4cc-87b74a718022,
13086,886,28813,true,false,,,false,false,2018-05-02T19:11:26.085Z,2018-06-11T18:10:34.469Z,/locations/885f6bf2-3ec8-49a6-a5af-820e38aa3af1/services/6fab1a09-0bfb-45a7-94e1-aa7eb12e50de,true,,1,fixed,1,,,1440,Store,true,,[object Object],bc27aaa9-c132-4218-a4cc-87b74a718022,
13108,886,28835,true,false,,,false,false,2018-05-02T19:11:31.253Z,2018-06-11T18:13:27.041Z,/locations/3d19ad4c-d21f-492f-9268-5fcd620ee03b/services/6fab1a09-0bfb-45a7-94e1-aa7eb12e50de,true,,1,fixed,1,,,1440,Store,true,,[object Object],bc27aaa9-c132-4218-a4cc-87b74a718022,
13131,886,28858,true,false,,,false,false,2018-05-02T19:11:36.815Z,2018-06-11T18:18:02.705Z,/locations/2a262bf5-cbdf-46f8-b5fc-107aa12fe561/services/6fab1a09-0bfb-45a7-94e1-aa7eb12e50de,true,,1,fixed,1,,,1440,Store,true,,[object Object],bc27aaa9-c132-4218-a4cc-87b74a718022,
13170,886,28918,true,false,,,false,false,2018-05-02T19:11:45.540Z,2018-06-11T18:21:58.396Z,/locations/74813a56-0a2c-457a-ac27-777e772a202e/services/6fab1a09-0bfb-45a7-94e1-aa7eb12e50de,true,,1,fixed,1,,,1440,Store,true,,[object Object],bc27aaa9-c132-4218-a4cc-87b74a718022,
13100,886,28827,true,false,,,false,false,2018-05-02T19:11:29.343Z,2018-06-11T18:12:21.980Z,/locations/afe0f53f-7def-486c-a015-d0d9ea59e28f/services/6fab1a09-0bfb-45a7-94e1-aa7eb12e50de,true,,1,fixed,1,,,1440,Store,true,,[object Object],bc27aaa9-c132-4218-a4cc-87b74a718022,
13264,886,29044,true,false,,,false,false,2018-05-02T19:12:07.359Z,2018-06-11T18:34:29.843Z,/locations/f137cb21-81ba-474d-93c7-7f5394622ce5/services/6fab1a09-0bfb-45a7-94e1-aa7eb12e50de,true,,1,fixed,1,,,1440,Store,true,,[object Object],bc27aaa9-c132-4218-a4cc-87b74a718022,
13177,886,28925,true,false,,,false,false,2018-05-02T19:11:47.058Z,2018-06-11T18:21:24.790Z,/locations/94714d89-3c94-497e-acca-7e8149ce1149/services/6fab1a09-0bfb-45a7-94e1-aa7eb12e50de,true,,1,fixed,1,,,1440,Store,true,,[object Object],bc27aaa9-c132-4218-a4cc-87b74a718022,
13112,886,28839,true,false,,,false,false,2018-05-02T19:11:32.300Z,2018-06-11T18:13:55.366Z,/locations/fe06099f-3de5-453f-8ed0-4023391ef21d/services/6fab1a09-0bfb-45a7-94e1-aa7eb12e50de,true,,1,fixed,1,,,1440,Store,true,,[object Object],bc27aaa9-c132-4218-a4cc-87b74a718022,
13119,886,28846,true,false,,,false,false,2018-05-02T19:11:33.995Z,2018-06-11T18:14:46.174Z,/locations/16048aca-0222-4869-89a3-7ac0038f8746/services/6fab1a09-0bfb-45a7-94e1-aa7eb12e50de,true,,1,fixed,1,,,1440,Store,true,true,[object Object],bc27aaa9-c132-4218-a4cc-87b74a718022,
13145,886,28872,true,false,,,false,false,2018-05-02T19:11:39.966Z,2018-06-11T18:19:34.719Z,/locations/58b3ee35-8bd4-4f6f-a17e-ca85d3d10735/services/6fab1a09-0bfb-45a7-94e1-aa7eb12e50de,true,,1,fixed,1,,,1440,Store,true,,[object Object],bc27aaa9-c132-4218-a4cc-87b74a718022,
13164,886,28912,true,false,,,false,false,2018-05-02T19:11:44.229Z,2018-06-11T18:22:47.176Z,/locations/0b3e4fc4-b4a9-4d12-a069-03c7725ac63b/services/6fab1a09-0bfb-45a7-94e1-aa7eb12e50de,true,,,fixed,1,,,1440,Store,true,,[object Object],bc27aaa9-c132-4218-a4cc-87b74a718022,
13192,886,28940,true,false,,,false,false,2018-05-02T19:11:50.388Z,2018-06-11T18:27:21.707Z,/locations/08f692d0-ebd6-428c-b95b-72c20548d701/services/6fab1a09-0bfb-45a7-94e1-aa7eb12e50de,true,,1,fixed,1,,,1440,Store,true,,[object Object],bc27aaa9-c132-4218-a4cc-87b74a718022,
13109,886,28836,true,false,,,false,false,2018-05-02T19:11:31.474Z,2018-06-11T18:13:33.918Z,/locations/4aa730ca-ff82-4f45-a381-50d82e889d0d/services/6fab1a09-0bfb-45a7-94e1-aa7eb12e50de,true,,,fixed,1,,,1440,Store,true,,[object Object],bc27aaa9-c132-4218-a4cc-87b74a718022,
13127,886,28854,true,false,,,false,false,2018-05-02T19:11:35.938Z,2018-06-11T18:17:35.661Z,/locations/f39759d5-bcd6-4b9c-a290-5e51bb435c90/services/6fab1a09-0bfb-45a7-94e1-aa7eb12e50de,true,,1,fixed,1,,,1440,Store,true,,[object Object],bc27aaa9-c132-4218-a4cc-87b74a718022,
13166,886,28914,true,false,,,false,false,2018-05-02T19:11:44.675Z,2018-06-11T18:22:38.198Z,/locations/3d4bed57-7c2c-42ef-9da4-9264b28c7c6d/services/6fab1a09-0bfb-45a7-94e1-aa7eb12e50de,true,,1,fixed,1,,,1440,Store,true,,[object Object],bc27aaa9-c132-4218-a4cc-87b74a718022,
13190,886,28938,true,false,,,false,false,2018-05-02T19:11:49.949Z,2018-06-11T18:27:07.525Z,/locations/b6387e8d-b3e3-454e-a467-79d9a7dca781/services/6fab1a09-0bfb-45a7-94e1-aa7eb12e50de,true,,1,fixed,1,,,1440,Store,true,,[object Object],bc27aaa9-c132-4218-a4cc-87b74a718022,
13142,886,28869,true,false,,,false,false,2018-05-02T19:11:39.280Z,2018-06-11T18:19:19.807Z,/locations/b07884e1-8669-4f7a-ac8f-dfbb1d6eef36/services/6fab1a09-0bfb-45a7-94e1-aa7eb12e50de,true,,1,fixed,1,,,1440,Store,true,,[object Object],bc27aaa9-c132-4218-a4cc-87b74a718022,
13138,886,28865,true,false,,,false,false,2018-05-02T19:11:38.383Z,2018-06-11T18:18:52.339Z,/locations/7e0327dd-0c59-4c20-8a62-dff826489108/services/6fab1a09-0bfb-45a7-94e1-aa7eb12e50de,true,,1,fixed,1,,,1440,Store,true,,[object Object],bc27aaa9-c132-4218-a4cc-87b74a718022,
13140,886,28867,true,false,,,false,false,2018-05-02T19:11:38.884Z,2018-06-11T18:19:07.019Z,/locations/36b93da8-d505-4af2-aabf-76d6e410a1f9/services/6fab1a09-0bfb-45a7-94e1-aa7eb12e50de,true,,1,fixed,1,,,1440,Store,true,,[object Object],bc27aaa9-c132-4218-a4cc-87b74a718022,
13116,886,28843,true,false,,,false,false,2018-05-02T19:11:33.283Z,2018-06-11T18:14:24.537Z,/locations/1ad31760-c697-48b2-9a06-c734b941dd3e/services/6fab1a09-0bfb-45a7-94e1-aa7eb12e50de,true,,1,fixed,1,,,1440,Store,true,,[object Object],bc27aaa9-c132-4218-a4cc-87b74a718022,
13241,886,29022,true,false,,,false,false,2018-05-02T19:12:01.856Z,2018-06-11T18:33:48.374Z,/locations/604d453b-f230-4309-a097-5697376c58f1/services/6fab1a09-0bfb-45a7-94e1-aa7eb12e50de,true,,1,fixed,1,,,1440,Store,true,,[object Object],bc27aaa9-c132-4218-a4cc-87b74a718022,
13141,886,28868,true,false,,,false,false,2018-05-02T19:11:39.092Z,2018-06-11T18:19:14.236Z,/locations/1f8591b0-fc70-4321-af55-5d541616c1d6/services/6fab1a09-0bfb-45a7-94e1-aa7eb12e50de,true,,1,fixed,1,,,1440,Store,true,,[object Object],bc27aaa9-c132-4218-a4cc-87b74a718022,
13134,886,28861,true,false,,,false,false,2018-05-02T19:11:37.523Z,2018-06-11T18:18:23.114Z,/locations/032f67c9-48fa-4ca9-aae4-c8e78b32ccb6/services/6fab1a09-0bfb-45a7-94e1-aa7eb12e50de,true,,1,fixed,1,,,1440,Store,true,,[object Object],bc27aaa9-c132-4218-a4cc-87b74a718022,
13203,886,28951,true,false,,,false,false,2018-05-02T19:11:52.947Z,2018-06-11T18:28:57.637Z,/locations/79486aae-ed06-4083-b5de-d2526d911da3/services/6fab1a09-0bfb-45a7-94e1-aa7eb12e50de,true,,1,fixed,1,,,1440,Store,true,,[object Object],bc27aaa9-c132-4218-a4cc-87b74a718022,
13143,886,28870,true,false,,,false,false,2018-05-02T19:11:39.521Z,2018-06-11T18:19:25.784Z,/locations/1d6788a9-ee84-42e0-9d68-7a75846be6b7/services/6fab1a09-0bfb-45a7-94e1-aa7eb12e50de,true,,1,fixed,1,,,1440,Store,true,,[object Object],bc27aaa9-c132-4218-a4cc-87b74a718022,
13185,886,28933,true,false,,,false,false,2018-05-02T19:11:48.866Z,2018-06-11T18:26:40.783Z,/locations/bfd0c558-a3fe-4a9f-a901-0457e28e7736/services/6fab1a09-0bfb-45a7-94e1-aa7eb12e50de,true,,1,fixed,1,,,1440,Store,true,,[object Object],bc27aaa9-c132-4218-a4cc-87b74a718022,
13144,886,28871,true,false,,,false,false,2018-05-02T19:11:39.757Z,2018-06-11T18:19:29.474Z,/locations/edec6385-5925-4acb-a669-d3167d26f39e/services/6fab1a09-0bfb-45a7-94e1-aa7eb12e50de,true,,,fixed,1,,,1440,Store,true,,[object Object],bc27aaa9-c132-4218-a4cc-87b74a718022,
13146,886,28873,true,false,,,false,false,2018-05-02T19:11:40.170Z,2018-06-11T18:19:40.328Z,/locations/fd6f344c-49a4-45c2-9606-4a16fbc5bb39/services/6fab1a09-0bfb-45a7-94e1-aa7eb12e50de,true,,1,fixed,1,,,1440,Store,true,,[object Object],bc27aaa9-c132-4218-a4cc-87b74a718022,
13245,886,29026,true,false,,,false,false,2018-05-02T19:12:02.911Z,2018-06-11T18:36:08.614Z,/locations/285da5cc-ac7c-4ad0-9c9a-32ee62e36668/services/6fab1a09-0bfb-45a7-94e1-aa7eb12e50de,true,,1,fixed,1,,,1440,Store,true,,[object Object],bc27aaa9-c132-4218-a4cc-87b74a718022,
13260,886,29040,true,false,,,false,false,2018-05-02T19:12:06.345Z,2018-06-11T18:34:36.929Z,/locations/104273ca-087f-4b83-b585-e3c77bc6b116/services/6fab1a09-0bfb-45a7-94e1-aa7eb12e50de,true,,1,fixed,1,,,1440,Store,true,,[object Object],bc27aaa9-c132-4218-a4cc-87b74a718022,
13244,886,29025,true,false,,,false,false,2018-05-02T19:12:02.541Z,2018-06-11T18:36:03.963Z,/locations/e80f26a7-0f2c-42eb-9ea8-a264fe0a0053/services/6fab1a09-0bfb-45a7-94e1-aa7eb12e50de,true,,,fixed,1,,,1440,Store,true,,[object Object],bc27aaa9-c132-4218-a4cc-87b74a718022,
13162,886,28910,true,false,,,false,false,2018-05-02T19:11:43.788Z,2018-06-11T18:23:04.354Z,/locations/06af0a35-1754-4226-ae1f-52b9dfcf8933/services/6fab1a09-0bfb-45a7-94e1-aa7eb12e50de,true,,1,fixed,1,,,1440,Store,true,,[object Object],bc27aaa9-c132-4218-a4cc-87b74a718022,
13182,886,28930,true,false,,,false,false,2018-05-02T19:11:48.163Z,2018-06-11T18:26:22.703Z,/locations/df0e28dd-866f-40c8-b09f-f4ddf1357b16/services/6fab1a09-0bfb-45a7-94e1-aa7eb12e50de,true,,1,fixed,1,,,1440,Store,true,,[object Object],bc27aaa9-c132-4218-a4cc-87b74a718022,
13193,886,28941,true,false,,,false,false,2018-05-02T19:11:50.621Z,2018-06-11T18:27:27.576Z,/locations/11e2b989-b24a-4617-a4f6-3ac244bca989/services/6fab1a09-0bfb-45a7-94e1-aa7eb12e50de,true,,1,fixed,1,,,1440,Store,true,,[object Object],bc27aaa9-c132-4218-a4cc-87b74a718022,
13093,886,28820,true,false,,,false,false,2018-05-02T19:11:27.776Z,2018-06-11T18:11:30.728Z,/locations/d4125bd9-2069-4ab2-aa69-4b68f3fee3a8/services/6fab1a09-0bfb-45a7-94e1-aa7eb12e50de,true,,1,fixed,1,,,1440,Store,true,,[object Object],bc27aaa9-c132-4218-a4cc-87b74a718022,
13258,886,29038,true,false,,,false,false,2018-05-02T19:12:05.849Z,2018-06-11T18:34:42.150Z,/locations/99bf856a-1caf-4b49-a260-fe42e6215aad/services/6fab1a09-0bfb-45a7-94e1-aa7eb12e50de,true,,1,fixed,1,,,1440,Store,true,,[object Object],bc27aaa9-c132-4218-a4cc-87b74a718022,
13168,886,28916,true,false,,,false,false,2018-05-02T19:11:45.130Z,2018-06-11T18:22:25.569Z,/locations/f4c1ccb5-cc39-4f7b-a0cc-f50bef449384/services/6fab1a09-0bfb-45a7-94e1-aa7eb12e50de,true,,1,fixed,1,,,1440,Store,true,,[object Object],bc27aaa9-c132-4218-a4cc-87b74a718022,
13204,886,28952,true,false,,,false,false,2018-05-02T19:11:53.155Z,2018-06-11T18:29:04.005Z,/locations/b3e2cd03-5880-4be4-90ae-573a4654bafa/services/6fab1a09-0bfb-45a7-94e1-aa7eb12e50de,true,,1,fixed,1,,,1440,Store,true,,[object Object],bc27aaa9-c132-4218-a4cc-87b74a718022,
13261,886,29041,true,false,,,false,false,2018-05-02T19:12:06.659Z,2018-06-11T18:34:33.869Z,/locations/e941ea4e-6a0b-43f0-b978-4d167c8f4a8d/services/6fab1a09-0bfb-45a7-94e1-aa7eb12e50de,true,,1,fixed,1,,,1440,Store,true,,[object Object],bc27aaa9-c132-4218-a4cc-87b74a718022,
13197,886,28945,true,false,,,false,false,2018-05-02T19:11:51.543Z,2018-06-11T18:27:56.244Z,/locations/e90a07c1-e9fe-4ea3-adec-b456eb82ad58/services/6fab1a09-0bfb-45a7-94e1-aa7eb12e50de,true,,1,fixed,1,,,1440,Store,true,,[object Object],bc27aaa9-c132-4218-a4cc-87b74a718022,
13209,886,28957,true,false,,,false,false,2018-05-02T19:11:54.340Z,2018-06-11T18:30:09.611Z,/locations/abea7326-d409-4376-9a7b-3c26e870006a/services/6fab1a09-0bfb-45a7-94e1-aa7eb12e50de,true,,1,fixed,1,,,1440,Store,true,,[object Object],bc27aaa9-c132-4218-a4cc-87b74a718022,
13208,886,28956,true,false,,,false,false,2018-05-02T19:11:54.069Z,2018-06-11T18:30:04.355Z,/locations/316462ee-6e25-4bcb-8f78-073ae2b39bee/services/6fab1a09-0bfb-45a7-94e1-aa7eb12e50de,true,,1,fixed,1,,,1440,Store,true,,[object Object],bc27aaa9-c132-4218-a4cc-87b74a718022,
13201,886,28949,true,false,,,false,false,2018-05-02T19:11:52.502Z,2018-06-11T18:28:44.237Z,/locations/8aa4bd24-7e74-482b-bba4-dfc466f41085/services/6fab1a09-0bfb-45a7-94e1-aa7eb12e50de,true,,,fixed,1,,,1440,Store,true,,[object Object],bc27aaa9-c132-4218-a4cc-87b74a718022,
13214,886,28962,true,false,,,false,false,2018-05-02T19:11:55.455Z,2018-06-11T18:30:38.082Z,/locations/cf0d5746-581d-47a0-926c-43db2f94f650/services/6fab1a09-0bfb-45a7-94e1-aa7eb12e50de,true,,1440,fixed,1,,,1440,Store,true,,[object Object],bc27aaa9-c132-4218-a4cc-87b74a718022,
13246,886,29027,true,false,,,false,false,2018-05-02T19:12:03.142Z,2018-06-11T18:36:11.893Z,/locations/ddbe40af-f8a6-4554-84bd-c1aacb8439fb/services/6fab1a09-0bfb-45a7-94e1-aa7eb12e50de,true,,1,fixed,1,,,1440,Store,true,,[object Object],bc27aaa9-c132-4218-a4cc-87b74a718022,
13213,886,28961,true,false,,,false,false,2018-05-02T19:11:55.233Z,2018-06-11T18:30:32.485Z,/locations/bd8b90b3-fb1c-40e5-a484-85d80c7eabc4/services/6fab1a09-0bfb-45a7-94e1-aa7eb12e50de,true,,1,fixed,1,,,1440,Store,true,,[object Object],bc27aaa9-c132-4218-a4cc-87b74a718022,
13205,886,28953,true,false,,,false,false,2018-05-02T19:11:53.411Z,2018-06-11T18:29:10.934Z,/locations/c57e815a-ced6-4f1f-8070-2b85b93eecbc/services/6fab1a09-0bfb-45a7-94e1-aa7eb12e50de,true,,1,fixed,1,,,1440,Store,true,,[object Object],bc27aaa9-c132-4218-a4cc-87b74a718022,
13167,886,28915,true,false,,,false,false,2018-05-02T19:11:44.895Z,2018-06-11T18:22:31.404Z,/locations/eda0c650-0f68-4e74-ab11-15b07f42b693/services/6fab1a09-0bfb-45a7-94e1-aa7eb12e50de,true,,1,fixed,1,,,1440,Store,true,,[object Object],bc27aaa9-c132-4218-a4cc-87b74a718022,
13216,886,28964,true,false,,,false,false,2018-05-02T19:11:55.884Z,2018-06-11T18:31:16.804Z,/locations/e9bfb8c7-6dbc-42c0-8a6a-82cb92e53300/services/6fab1a09-0bfb-45a7-94e1-aa7eb12e50de,true,,1,fixed,1,,,1440,Store,true,,[object Object],bc27aaa9-c132-4218-a4cc-87b74a718022,
13173,886,28921,true,false,,,false,false,2018-05-02T19:11:46.200Z,2018-06-11T18:21:41.388Z,/locations/76ba8a8f-ff54-4e4d-96cb-036728e42a7b/services/6fab1a09-0bfb-45a7-94e1-aa7eb12e50de,true,,1,fixed,1,,,1440,Store,true,,[object Object],bc27aaa9-c132-4218-a4cc-87b74a718022,
13228,886,29009,true,false,,,false,false,2018-05-02T19:11:58.682Z,2018-06-11T18:32:33.774Z,/locations/807f827c-dddf-4449-8d88-3abac25898cb/services/6fab1a09-0bfb-45a7-94e1-aa7eb12e50de,true,,1,fixed,1,,,1440,Store,true,,[object Object],bc27aaa9-c132-4218-a4cc-87b74a718022,
13217,886,28998,true,false,,,false,false,2018-05-02T19:11:56.114Z,2018-06-11T18:31:20.772Z,/locations/46bc1885-7059-42a1-92c6-dca2d90f91de/services/6fab1a09-0bfb-45a7-94e1-aa7eb12e50de,true,,,fixed,1,,,1440,Store,true,,[object Object],bc27aaa9-c132-4218-a4cc-87b74a718022,
13106,886,28833,true,false,,,false,false,2018-05-02T19:11:30.792Z,2018-06-11T18:13:07.350Z,/locations/838242e6-d5d4-4be8-9c1d-ada5e762a9de/services/6fab1a09-0bfb-45a7-94e1-aa7eb12e50de,true,,1,fixed,1,,,1440,Store,true,,[object Object],bc27aaa9-c132-4218-a4cc-87b74a718022,
13236,886,29017,true,false,,,false,false,2018-05-02T19:12:00.509Z,2018-06-11T18:33:16.225Z,/locations/b92087d4-d18f-44c8-90d6-2230bad550a4/services/6fab1a09-0bfb-45a7-94e1-aa7eb12e50de,true,,1,fixed,1,,,1440,Store,false,,[object Object],bc27aaa9-c132-4218-a4cc-87b74a718022,
13148,886,28896,true,false,,,false,false,2018-05-02T19:11:40.635Z,2018-06-11T18:19:54.630Z,/locations/6ad67fae-7352-4462-9adc-31024e515af5/services/6fab1a09-0bfb-45a7-94e1-aa7eb12e50de,true,,1,fixed,1,,,1440,Store,true,,[object Object],bc27aaa9-c132-4218-a4cc-87b74a718022,
13158,886,28906,true,false,,,false,false,2018-05-02T19:11:42.761Z,2018-06-11T18:23:33.558Z,/locations/e08f3d53-5447-4a23-9f39-a51e81c34084/services/6fab1a09-0bfb-45a7-94e1-aa7eb12e50de,true,,,fixed,1,,,1440,Store,true,,[object Object],bc27aaa9-c132-4218-a4cc-87b74a718022,
13206,886,28954,true,false,,,false,false,2018-05-02T19:11:53.629Z,2018-06-11T18:29:17.572Z,/locations/a81b8d37-92b2-4ea9-9f1b-a4355dbd8461/services/6fab1a09-0bfb-45a7-94e1-aa7eb12e50de,true,,1,fixed,1,,,1440,Store,true,,[object Object],bc27aaa9-c132-4218-a4cc-87b74a718022,
16377,886,31587,true,false,,,false,false,2018-06-13T17:12:26.971Z,2018-09-06T19:06:09.188Z,/locations/4b584437-6c62-4e4d-8845-eac639704bbc/services/6fab1a09-0bfb-45a7-94e1-aa7eb12e50de,true,,1,fixed,1,,,60,Store,false,,[object Object],bc27aaa9-c132-4218-a4cc-87b74a718022,
13183,886,28931,true,false,,,false,false,2018-05-02T19:11:48.441Z,2018-06-11T18:26:27.943Z,/locations/84dc830a-b6e3-4bf8-948e-55234c4c8a45/services/6fab1a09-0bfb-45a7-94e1-aa7eb12e50de,true,,1,fixed,1,,,1440,Store,true,,[object Object],bc27aaa9-c132-4218-a4cc-87b74a718022,
13243,886,29024,true,false,,,false,false,2018-05-02T19:12:02.322Z,2018-06-11T18:36:02.365Z,/locations/b9d3172c-0833-4e5c-9995-0eed38439cbb/services/6fab1a09-0bfb-45a7-94e1-aa7eb12e50de,true,,1,fixed,1,,,1440,Store,true,,[object Object],bc27aaa9-c132-4218-a4cc-87b74a718022,
13105,886,28832,true,false,,,false,false,2018-05-02T19:11:30.592Z,2018-06-11T18:12:59.723Z,/locations/6bf30492-c479-487d-a816-7b803ee1bd4f/services/6fab1a09-0bfb-45a7-94e1-aa7eb12e50de,true,,1,fixed,1,,,1440,Store,true,,[object Object],bc27aaa9-c132-4218-a4cc-87b74a718022,
13063,886,28794,true,false,,,false,false,2018-05-02T18:46:12.188Z,2018-06-11T18:06:20.511Z,/locations/b9006d29-d363-4b76-89bc-b838028e2395/services/6fab1a09-0bfb-45a7-94e1-aa7eb12e50de,true,,1,fixed,1,,,1440,Store,true,,[object Object],bc27aaa9-c132-4218-a4cc-87b74a718022,
13220,886,29001,true,false,,,false,false,2018-05-02T19:11:56.862Z,2018-06-11T18:31:37.536Z,/locations/dadb9d89-4f4e-4897-8d9d-1d20971dcc87/services/6fab1a09-0bfb-45a7-94e1-aa7eb12e50de,true,,1,fixed,1,,,1440,Store,true,,[object Object],bc27aaa9-c132-4218-a4cc-87b74a718022,
13218,886,28999,true,false,,,false,false,2018-05-02T19:11:56.400Z,2018-06-11T18:31:26.894Z,/locations/c81db51b-fe47-47f0-b8b7-3c897ea11ca7/services/6fab1a09-0bfb-45a7-94e1-aa7eb12e50de,true,,1,fixed,1,,,1440,Store,true,,[object Object],bc27aaa9-c132-4218-a4cc-87b74a718022,
13147,886,28895,true,false,,,false,false,2018-05-02T19:11:40.415Z,2018-06-11T18:19:49.141Z,/locations/a124705b-2bb2-4d94-9956-5adac474c1b1/services/6fab1a09-0bfb-45a7-94e1-aa7eb12e50de,true,,1,fixed,1,,,1440,Store,true,,[object Object],bc27aaa9-c132-4218-a4cc-87b74a718022,
13230,886,29011,true,false,,,false,false,2018-05-02T19:11:59.115Z,2018-06-11T18:32:45.086Z,/locations/484d4d96-0fe9-46b7-9d93-9cb02dcc1be6/services/6fab1a09-0bfb-45a7-94e1-aa7eb12e50de,true,,1,fixed,1,,,1440,Store,true,,[object Object],bc27aaa9-c132-4218-a4cc-87b74a718022,
13126,886,28853,true,false,,,false,false,2018-05-02T19:11:35.715Z,2018-06-11T18:17:25.349Z,/locations/83c80070-19f3-48de-9a65-720c53789783/services/6fab1a09-0bfb-45a7-94e1-aa7eb12e50de,true,,1,fixed,1,,,1440,Store,true,,[object Object],bc27aaa9-c132-4218-a4cc-87b74a718022,
13151,886,28899,true,false,,,false,false,2018-05-02T19:11:41.264Z,2018-06-11T18:20:36.708Z,/locations/ea4051a8-b0b4-43a4-976b-87b51484a174/services/6fab1a09-0bfb-45a7-94e1-aa7eb12e50de,true,,1,fixed,1,,,1440,Store,true,,[object Object],bc27aaa9-c132-4218-a4cc-87b74a718022,
13161,886,28909,true,false,,,false,false,2018-05-02T19:11:43.555Z,2018-06-11T18:23:16.441Z,/locations/fccf0085-587f-4673-b62a-124098209ef4/services/6fab1a09-0bfb-45a7-94e1-aa7eb12e50de,true,,1,fixed,1,,,1440,Store,true,,[object Object],bc27aaa9-c132-4218-a4cc-87b74a718022,
13189,886,28937,true,false,,,false,false,2018-05-02T19:11:49.750Z,2018-06-11T18:27:02.118Z,/locations/39041758-bde5-4ff9-9a94-c2d0fd4e3f3a/services/6fab1a09-0bfb-45a7-94e1-aa7eb12e50de,true,,1,fixed,1,,,1440,Store,true,,[object Object],bc27aaa9-c132-4218-a4cc-87b74a718022,
13186,886,28934,true,false,,,false,false,2018-05-02T19:11:49.115Z,2018-06-11T18:26:47.542Z,/locations/6d0b46ae-7969-4481-887d-66ce0b2b9d04/services/6fab1a09-0bfb-45a7-94e1-aa7eb12e50de,true,,1,fixed,1,,,1440,Store,true,,[object Object],bc27aaa9-c132-4218-a4cc-87b74a718022,
13210,886,28958,true,false,,,false,false,2018-05-02T19:11:54.549Z,2018-06-11T18:30:15.430Z,/locations/00df5a46-e0f8-44ea-ac05-82e8208070bd/services/6fab1a09-0bfb-45a7-94e1-aa7eb12e50de,true,,1,fixed,1,,,1440,Store,true,,[object Object],bc27aaa9-c132-4218-a4cc-87b74a718022,
13242,886,29023,true,false,,,false,false,2018-05-02T19:12:02.134Z,2018-06-11T18:35:59.811Z,/locations/38800546-9daf-4197-bfed-2abe47d7bcf8/services/6fab1a09-0bfb-45a7-94e1-aa7eb12e50de,true,,1,fixed,1,,,1440,Store,true,,[object Object],bc27aaa9-c132-4218-a4cc-87b74a718022,
13225,886,29006,true,false,,,false,false,2018-05-02T19:11:58.003Z,2018-06-11T18:32:15.136Z,/locations/f08e9280-1650-487c-b2be-d0c912b4e1c9/services/6fab1a09-0bfb-45a7-94e1-aa7eb12e50de,true,,1,fixed,1,,,1440,Store,true,,[object Object],bc27aaa9-c132-4218-a4cc-87b74a718022,
13276,886,28690,true,false,,,false,false,2018-05-04T14:39:38.783Z,2018-06-11T18:36:40.779Z,/locations/0b32f8f2-462a-4225-bd58-9a32be323805/services/6fab1a09-0bfb-45a7-94e1-aa7eb12e50de,true,,1,fixed,1,,,1440,Store,true,,[object Object],bc27aaa9-c132-4218-a4cc-87b74a718022,
13262,886,29042,true,false,,,false,false,2018-05-02T19:12:06.894Z,2018-06-11T18:34:20.775Z,/locations/6c06104f-8e1e-486f-971d-61789b3264a0/services/6fab1a09-0bfb-45a7-94e1-aa7eb12e50de,true,,1,fixed,1,,,1440,Store,true,,[object Object],bc27aaa9-c132-4218-a4cc-87b74a718022,
13096,886,28823,true,false,,,false,false,2018-05-02T19:11:28.441Z,2018-06-11T18:11:54.480Z,/locations/d137873c-9faf-4f14-b425-db94d3474d51/services/6fab1a09-0bfb-45a7-94e1-aa7eb12e50de,true,,2,fixed,1,,,1440,Store,true,,[object Object],bc27aaa9-c132-4218-a4cc-87b74a718022,
13222,886,29003,true,false,,,false,false,2018-05-02T19:11:57.349Z,2018-06-11T18:31:52.098Z,/locations/e2026f4f-8bf6-40ff-b273-1292e92e271e/services/6fab1a09-0bfb-45a7-94e1-aa7eb12e50de,true,,1,fixed,1,,,1440,Store,true,,[object Object],bc27aaa9-c132-4218-a4cc-87b74a718022,
13152,886,28900,true,false,,,false,false,2018-05-02T19:11:41.491Z,2018-06-11T18:20:40.374Z,/locations/18180d50-82fc-4126-ab6c-531c6716af78/services/6fab1a09-0bfb-45a7-94e1-aa7eb12e50de,true,,,fixed,1,,,1440,Store,true,,[object Object],bc27aaa9-c132-4218-a4cc-87b74a718022,
13231,886,29012,true,false,,,false,false,2018-05-02T19:11:59.399Z,2018-06-11T18:32:50.547Z,/locations/06bc6476-3a74-4e52-8431-10cca0c633de/services/6fab1a09-0bfb-45a7-94e1-aa7eb12e50de,true,,1,fixed,1,,,1440,Store,true,,[object Object],bc27aaa9-c132-4218-a4cc-87b74a718022,
16372,886,30641,true,false,,,false,false,2018-06-12T16:41:41.765Z,2018-06-12T16:43:29.524Z,/locations/e69e363b-df9d-4cf8-bea0-6eae360b58d1/services/6fab1a09-0bfb-45a7-94e1-aa7eb12e50de,,,,dynamic,1,,,60,Store,true,,[object Object],bc27aaa9-c132-4218-a4cc-87b74a718022,
13072,886,28799,true,false,,,false,false,2018-05-02T19:11:22.784Z,2018-06-11T18:08:56.119Z,/locations/98ea7dfa-4f16-41b4-ab7e-fa27cf9e9914/services/6fab1a09-0bfb-45a7-94e1-aa7eb12e50de,true,,1,fixed,1,,,60,Store,true,,[object Object],bc27aaa9-c132-4218-a4cc-87b74a718022,
13104,886,28831,true,false,,,false,false,2018-05-02T19:11:30.315Z,2018-06-11T18:12:52.346Z,/locations/533725e3-62d4-4ed1-99cf-8c81e8bdde9e/services/6fab1a09-0bfb-45a7-94e1-aa7eb12e50de,true,,,fixed,1,,,1440,Store,true,,[object Object],bc27aaa9-c132-4218-a4cc-87b74a718022,
13120,886,28847,true,false,,,false,false,2018-05-02T19:11:34.318Z,2018-06-11T18:16:44.698Z,/locations/22990f62-1b45-40e8-a2d5-d4c43580e52a/services/6fab1a09-0bfb-45a7-94e1-aa7eb12e50de,true,,1,fixed,1,,,1440,Store,true,,[object Object],bc27aaa9-c132-4218-a4cc-87b74a718022,
13135,886,28862,true,false,,,false,false,2018-05-02T19:11:37.735Z,2018-06-11T18:18:29.854Z,/locations/09685637-5f6c-468f-88b0-bf54a8619a6d/services/6fab1a09-0bfb-45a7-94e1-aa7eb12e50de,true,,1,fixed,1,,,1440,Store,true,,[object Object],bc27aaa9-c132-4218-a4cc-87b74a718022,
13226,886,29007,true,false,,,false,false,2018-05-02T19:11:58.243Z,2018-06-11T18:32:21.160Z,/locations/88c0bb25-28a9-4013-b03b-c250d66d435f/services/6fab1a09-0bfb-45a7-94e1-aa7eb12e50de,true,,1,fixed,1,,,1440,Store,true,,[object Object],bc27aaa9-c132-4218-a4cc-87b74a718022,
13256,886,29036,true,false,,,false,false,2018-05-02T19:12:05.400Z,2018-06-11T18:34:55.932Z,/locations/3484e311-0f70-499d-8d8a-62d70298ba7c/services/6fab1a09-0bfb-45a7-94e1-aa7eb12e50de,true,,1,fixed,1,,,1440,Store,true,,[object Object],bc27aaa9-c132-4218-a4cc-87b74a718022,
13196,886,28944,true,false,,,false,false,2018-05-02T19:11:51.267Z,2018-06-11T18:27:50.828Z,/locations/8c932b42-32f9-416e-a282-124ee962dc16/services/6fab1a09-0bfb-45a7-94e1-aa7eb12e50de,true,,1,fixed,1,,,1440,Store,true,,[object Object],bc27aaa9-c132-4218-a4cc-87b74a718022,
13207,886,28955,true,false,,,false,false,2018-05-02T19:11:53.877Z,2018-06-11T18:29:59.355Z,/locations/d7f1eeb3-9abb-4805-b476-15e05fbdb259/services/6fab1a09-0bfb-45a7-94e1-aa7eb12e50de,true,,1,fixed,1,,,1440,Store,true,,[object Object],bc27aaa9-c132-4218-a4cc-87b74a718022,
13224,886,29005,true,false,,,false,false,2018-05-02T19:11:57.789Z,2018-06-11T18:32:09.173Z,/locations/e3a9960a-e7a6-4a79-a240-f540568ad58b/services/6fab1a09-0bfb-45a7-94e1-aa7eb12e50de,true,,1,fixed,1,,,1440,Store,true,,[object Object],bc27aaa9-c132-4218-a4cc-87b74a718022,
13122,886,28849,true,false,,,false,false,2018-05-02T19:11:34.766Z,2018-06-11T18:16:58.527Z,/locations/67fe1989-99b7-4fac-ab9b-e7c9e524dc48/services/6fab1a09-0bfb-45a7-94e1-aa7eb12e50de,true,,1,fixed,1,,,1440,Store,true,,[object Object],bc27aaa9-c132-4218-a4cc-87b74a718022,
13215,886,28963,true,false,,,false,false,2018-05-02T19:11:55.681Z,2018-06-11T18:31:11.805Z,/locations/3c49e1ac-5def-48ee-9a27-12c1ddca3b90/services/6fab1a09-0bfb-45a7-94e1-aa7eb12e50de,true,,1,fixed,1,,,1440,Store,true,,[object Object],bc27aaa9-c132-4218-a4cc-87b74a718022,
13137,886,28864,true,false,,,false,false,2018-05-02T19:11:38.174Z,2018-06-11T18:18:43.099Z,/locations/fc707d8f-a884-4c4f-b708-1c42bfa617da/services/6fab1a09-0bfb-45a7-94e1-aa7eb12e50de,true,,1,fixed,1,,,1440,Store,true,,[object Object],bc27aaa9-c132-4218-a4cc-87b74a718022,
13165,886,28913,true,false,,,false,false,2018-05-02T19:11:44.449Z,2018-06-11T18:22:43.802Z,/locations/49c5ace4-bcec-41ba-9a3c-3f5b3cd66aec/services/6fab1a09-0bfb-45a7-94e1-aa7eb12e50de,true,,1,fixed,1,,,1440,Store,true,,[object Object],bc27aaa9-c132-4218-a4cc-87b74a718022,
13283,886,28795,true,false,,,false,false,2018-05-08T15:26:19.873Z,2018-06-11T18:06:39.481Z,/locations/674657ad-84e0-4480-bb8d-b41bf3e4cb69/services/6fab1a09-0bfb-45a7-94e1-aa7eb12e50de,true,,1,fixed,1,,,60,Store,true,,[object Object],bc27aaa9-c132-4218-a4cc-87b74a718022,
17113,886,31588,true,true,,,false,false,2019-02-27T21:45:31.545Z,2019-02-27T21:45:31.545Z,/locations/27f977f5-1248-4989-9cb0-5c30f4e0741a/services/6fab1a09-0bfb-45a7-94e1-aa7eb12e50de,,,,dynamic,1,,,60,Associate,false,,[object Object],bc27aaa9-c132-4218-a4cc-87b74a718022,
